title	importance	qid
Folding@home	mid	Q386283
Illumina, Inc.	low	Q2068984
Last universal common ancestor	Mid	Q849168
AlphaFold	High	Q60827595
Joseph DeRisi	low	Q6282538
Mathematical modelling of infectious diseases	low	Q990044
Superspreading event	high	Q109942672
Cladistics	mid	Q192210
Systems theory	mid	Q269699
Martin Kulldorff	Low	Q43862528
Clade	mid	Q713623
Matthews correlation coefficient	unknown	Q6791500
CRISPR	top	Q412563
DNA sequencing	High	Q380546
Bioinformatics	top	Q128570
Protein structure prediction	high	Q899656
Cellular automaton	low	Q189156
Ontology (information science)	high	Q324254
Synthetic biology	mid	Q862838
Dynamic programming	top	Q380679
Maximum parsimony (phylogenetics)	high	Q1805805
Michaelis–Menten kinetics	Top	Q613955
Circular permutation in proteins	low	Q21045426
Rat Genome Database	low	Q7295410
Non-coding DNA	low	Q1458444
George Church (geneticist)	mid	Q3298995
Compartmental models in epidemiology	mid	Q2572354
Biostatistics	top	Q214746
Rosetta@home	Mid	Q898343
Probabilistic context-free grammar	high	Q2377216
Epigenome-wide association study	Low	Q30600570
23andMe	low	Q216272
Metagenomics	mid	Q903778
Wellcome Sanger Institute	low	Q1142544
Whole genome sequencing	high	Q2068526
Molecular phylogenetics	high	Q2007033
Proteomics	High	Q471857
List of bioinformatics companies	mid	Q6607570
Genome-wide association study	high	Q1098876
Dehydron	low	N/A
Minimum evolution	high	Q96393292
List of protein structure prediction software	mid	Q6635516
Mathematical and theoretical biology	top	Q751611
Protein–protein interaction	high	Q896177
Ancient protein	Low	Q50846260
Society for Mathematical Biology	high	Q16255227
Solvation shell	low	Q1088326
Biological computing	Mid	Q2064646
Ontario Institute for Cancer Research	low	Q1377857
PLOS Computational Biology	high	Q2635829
Transcriptomics technologies	high	Q28946449
Interactome	Mid	Q841382
Exome sequencing	high	Q5420592
Genomics	high	Q222046
K-mer	mid	Q6322851
Human Genome Organisation	Low	Q641168
10x Genomics	mid	Q56585268
Junk DNA	low	Q1369010
Orphanet	low	Q1515833
Evolving digital ecological network	low	Q17012804
Dehaene–Changeux model	low	Q5252204
Hidden Markov model	top	Q176769
List of MeSH codes	mid	Q6589563
Burrows–Wheeler transform	mid	Q2806
Swiss-model	mid	Q7658835
David T. Jones (biochemist)	Mid	Q18350685
Genetic programming	mid	Q629498
Cathy Tie	Low	Q58494969
Web-based taxonomy	unknown	Q7978412
List of sequence alignment software	high	Q6638161
Synthetic biological circuit	low	Q7662742
ABCdb	low	Q4650284
BioNumbers	low	Q4915196
National Center for Biotechnology Information	low	Q82494
Computational epigenetics	mid	Q5157314
Umbrella sampling	low	Q7881414
Statistical Applications in Genetics and Molecular Biology	low	Q7604369
Peter Donnelly	low	Q7173699
Omics	mid	Q158666
Visible Embryo Project	Low	Q112482954
DeMix	Low	Q55609206
Online Mendelian Inheritance in Man	mid	Q241953
454 Life Sciences	Low	Q2474700
List of molecular graphics systems	mid	Q6628905
Haldane's dilemma	low	Q2033300
Barry Smith (ontologist)	low	Q809101
National DNA database	low	Q2886579
Long branch attraction	low	Q2870169
Debora Marks	Mid	Q23809228
Bioinformatics workflow management system	low	Q4806233
Gene regulatory network	high	Q1502576
Heat map	high	Q1140423
BioLinux	low	Q4914629
GeneCalling	low	Q5531046
List of bioinformatics journals	low	Q6607573
Environmental DNA	Low	Q25098939
Hypercycle (chemistry)	low	Q4138754
GeneNetwork	low	Q5531053
ChIP sequencing	mid	Q5065899
AstridBio	low	Q4811442
Protein superfamily	High	Q7251477
Significance analysis of microarrays	low	Q7512951
Medical Subject Headings	mid	Q199897
PubChem	mid	Q278487
Most recent common ancestor	high	Q1052390
Ecosystem model	mid	Q295046
Intelligent Systems for Molecular Biology	low	Q6044067
ENCODE	mid	Q1134833
Weasel program	low	Q4810835
Multiple sequence alignment	high	Q1377767
Sequence motif	high	Q901612
Protein Data Bank	high	Q766195
CLC bio	low	Q5012691
Systems biology	top	Q815297
GROMACS	low	Q905302
WAIFW matrix	Low	Q2201131
Epitranscriptome	Low	Q17119106
Schrödinger, Inc.	low	Q7432923
Alan Hodgkin	Low	Q193650
List of open-source bioinformatics software	high	Q6631685
Complex systems biology	low	Q16241237
ANOVA–simultaneous component analysis	low	Q4653008
AnimalTFDB	low	Q4764740
Gene expression profiling	High	Q1502169
Jmol	mid	Q1689854
Proteopedia	low	Q3407965
Spurious relationship	low	Q1462316
OMPdb	low	Q7072733
BioNumerics	low	Q4914637
Molecular clock	high	Q827541
Michael Levitt (biophysicist)	low	Q6832227
Malaria Control Project	low	Q2518117
Computational neuroscience	top	Q8037925
Atlas of UTR Regulatory Activity	low	Q4816862
Comparison of nucleic acid simulation software	mid	Q6630863
Metabarcoding	low	Q51237016
MARTINI	mid	Q6714488
PDBsum	mid	Q7118755
Flow cytometry bioinformatics	low	Q15293355
Khimera	low	Q6401644
OME Care	low	Q7144878
Multi-Omics Profiling Expression Database	Low	Q6888262
Receiver operating characteristic	mid	Q327120
Bioinformatics Resource Centers	low	Q4914912
Michael Langston	low	Q6832085
World Community Grid	low	Q826776
C. H. Waddington	low	Q721128
BitterDB	low	Q4918969
Taxonomic database	mid	Q7689673
What Is Life?	low	Q910963
ABI Solid Sequencing	Low	Q4650320
GeneMark	low	Q16335160
DNA sequencer	low	Q908889
Random coil index	Mid	Q7291919
Functional element SNPs database	low	Q5508819
Alternative Splicing Annotation Project	low	Q4736553
Intrinsically disordered proteins	mid	Q3408242
Baum–Welch algorithm	mid	Q811478
Journal of Computational Biology	low	Q6295003
Encyclopedia of Life	mid	Q82486
Interaction network	mid	Q6045208
Gustavo Stolovitzky	Mid	Q89323197
Smith–Waterman algorithm	top	Q1683352
Rolf Apweiler	low	Q7360689
Mark A. O'Neill	Low	Q6766466
Position weight matrix	top	Q7233183
Structural bioinformatics	high	Q2068215
Polygenic score	Mid	Q28135712
Gene prediction	High	Q1248292
Mona Singh (scientist)	Mid	Q50407565
List of algorithms	mid	Q1514868
Holland's schema theorem	low	Q357192
Systems biomedicine	low	Q7663857
Chemical graph generator	mid	Q105034815
Population viability analysis	mid	Q655530
Phylogenetics	top	Q171184
DPVweb	low	Q5205964
Diseases Database	mid	Q213103
Modelling biological systems	High	Q4299308
Webtag	low	Q16335174
ISCB Senior Scientist Award	low	Q16335182
The Institute for Genomic Research	low	N/A
Planted motif search	low	Q16335153
Pierre Baldi	low	Q3383843
Biochemical cascade	mid	Q3300685
Alternative Splicing and Transcript Diversity database	low	Q4736551
Maqsudul Alam	low	Q13059258
Coot (software)	low	Q5168089
Animal Genome Size Database	low	Q4764809
Root mean square deviation of atomic positions	mid	Q16335145
Exon-intron database	low	Q5420608
Human-transcriptome DataBase for Alternative Splicing	low	Q16335181
MEME suite	low	Q6715360
Terminology for the Description of Dynamics	low	Q21159923
DNA microarray	top	Q591745
List of software for Monte Carlo molecular modeling	mid	Q16335150
Biodiversity informatics	mid	Q864269
Biological systems engineering	low	Q864858
Carole Goble	Low	Q11604
Wikispecies	mid	Q13679
CaBIG	low	Q5015153
Molecular Systems Biology	mid	Q2261043
RNA-Seq	top	Q2542347
Structural alignment software	high	Q7625001
Artade	low	Q4797313
Michaelis–Menten–Monod kinetics	Low	Q30590684
Activity-driven model	Low	Q107524670
CaGrid	low	Q5015151
Gene chip analysis	low	Q5531548
Tree-Puzzle	low	Q7837628
Pardis Sabeti	Low	Q3063122
Cancer systems biology	low	Q16247115
Needleman–Wunsch algorithm	mid	Q583546
BMC Systems Biology	low	Q4835949
Systems immunology	low	Q7663865
Entrez	mid	Q1345229
Igor Goryanin	Low	Q5993290
Human Protein Reference Database	low	Q5937307
FitzHugh–Nagumo model	low	Q502563
Shoshana Wodak	Mid	Q6127170
Phenome	unknown	Q844116
Gene Ontology	High	Q135085
BMC Bioinformatics	low	Q4835939
Hindmarsh–Rose model	low	Q3859862
ProRepeat	low	Q7246682
Shapiro–Senapathy algorithm	Low	Q28209483
Systems neuroscience	mid	Q2617516
Dual-flashlight plot	low	Q5310138
IEEE/ACM Transactions on Computational Biology and Bioinformatics	low	Q5970224
Bette Korber	Low	Q30505218
FishBase	low	Q837101
Evolutionary grade	high	Q2612572
Mammalian promoter database	low	Q6745756
List of RNA-Seq bioinformatics tools	Mid	Q6595357
Multiomics	high	Q25110691
Ehud Shapiro	low	Q5348683
Translatomics	Low	Q107657884
Viability theory	Low	Q16000375
PubMed Central Canada	mid	Q7257236
BISC (database)	low	Q4835726
PubMed Central	mid	Q229883
Network motif	Low	Q7001080
Sepp Hochreiter	low	Q7451965
Bernhard Palsson	low	Q4894212
Ewan Birney	low	Q4869199
Allen Brain Atlas	mid	Q4731548
List of genetic algorithm applications	low	Q6621582
Cofactor Genomics	low	Q5140872
Genome	high	Q7020
Japanese Society for Bioinformatics	low	Q18175110
Conserved Domain Database	low	Q5163159
Mouse gene expression database	low	Q6926060
List of mass spectrometry software	Low	Q16335151
Information Hyperlinked over Proteins	mid	Q168546
Bioinformatics (journal)	high	Q4914910
List of biological databases	high	Q6607574
Database (journal)	low	Q5227381
Aviv Regev	low	Q4829027
DbDNV	low	Q5243754
DNA database	mid	Q16335141
Global Infectious Disease Epidemiology Network	low	Q5570409
Macromolecular docking	mid	Q836685
Chemistry Development Kit	low	Q2383032
Felsenstein's tree-pruning algorithm	Low	Q5442616
Comparative Toxicogenomics Database	low	Q5155628
RegulonDB	low	Q7309714
Semiempirical Energy Based	Low	Q7449335
Protein design	Mid	Q410814
High-throughput screening	low	Q626251
Journal of Theoretical Biology	Low	Q2153724
Cancer Genome Project	low	Q5031411
YASARA	low	Q8049645
Minimum information required in the annotation of models	low	Q3315070
International Society for Computational Biology Student Council	low	Q30314022
Sequential structure alignment program	low	Q7452509
Legume Information System	low	Q6518701
Dynamic energy budget theory	low	Q5318973
Pedro Mendes (scientist)	low	Q7159862
Sequence profiling tool	Mid	Q16335146
KNIME	low	Q639194
Narrow escape problem	low	Q6966311
Community matrix	low	Q5154984
Briefings in Bioinformatics	low	Q4967031
Europe PubMed Central	low	Q5412157
Mouse Genome Database	unknown	Q6926017
Similarity measure	mid	Q29017317
Mass spectrometry data format	low	Q2342572
Fitness function	mid	Q629118
Imaging informatics	low	Q6002836
Structural genomics	high	Q2583975
ECgene	low	Q5322801
HitPredict	low	Q5871264
Intronerator	low	Q16335187
ATAC-seq	low	Q22704317
List of protein-ligand docking software	mid	Q25111995
Webb Miller	low	Q12061804
Chromosome conformation capture	low	Q5113914
Biomedical Computation Review	low	Q4915105
Sequence alignment	high	Q827246
Andrew Huxley	Low	Q104607
Point accepted mutation	high	Q956534
Metabolomics	mid	Q12149006
DeCODE genetics	low	Q493712
Quantum Aspects of Life	low	Q7268980
DAnCER (database)	low	Q5204373
Erez Lieberman Aiden	low	Q5385746
Amino acid replacement	High	Q30693176
Lead Finder	low	Q6508356
EDAS	low	Q5322829
Global Public Health Intelligence Network	Low	Q5570577
Inferring horizontal gene transfer	low	Q21045430
Acta Biotheoretica	low	Q4676720
Ki Database	low	Q6403597
Nucleic acid design	Mid	Q7068220
Phylogenetic tree	top	Q242125
CAZy	mid	Q5008931
Bak–Sneppen model	low	Q4849623
Sim4	low	Q7517209
Discovering Dengue Drugs – Together	low	Q1228555
Netherlands Bioinformatics Centre	low	Q6999142
Pathema	low	Q7144741
ChEBI	low	Q902623
Volcano plot (statistics)	mid	Q7940074
Biskit	low	Q4918185
Chemical database	Mid	Q2881060
Co-occurrence network	low	Q5137445
Pacific Symposium on Biocomputing	low	Q7122721
Bayesian inference in phylogeny	High	Q4874472
GeNMR	Low	Q17016243
Genome@home	low	Q5533478
KEGG	high	Q909442
MAVID	low	Q6714589
Visual Molecular Dynamics	low	Q7936565
QFAB Bioinformatics	Low	Q65047615
ChEMBL	mid	Q6120337
NCI-Nature Pathway Interaction Database	low	Q16335191
NanoString Technologies	unknown	Q6963969
Mouse Genome Informatics	low	Q1951035
Transcriptome	high	Q252857
Shahid Hussain Bokhari	Low	Q7461672
MDL Chime	Low	Q3841255
Sequence assembly	high	Q740578
Distance matrix	high	Q901698
Pyotr Anokhin	low	Q2369108
DNA barcoding	high	Q1154642
Tom Blundell	Low	Q7814993
Breath gas analysis	low	Q754258
Conserved non-coding sequence	mid	Q5163160
MGI (company)	low	Q110903052
Pharmaceutical bioinformatics	mid	Q25304272
BLAST (biotechnology)	top	Q286820
Wellcome Genome Campus	low	Q7981199
Morphobank	low	Q6913429
Phi coefficient	mid	Q4811327
Ruzzo–Tompa algorithm	low	Q55632140
List of phylogenetics software	high	Q6633397
HubMed	low	Q4040818
Docking (molecular)	high	Q403004
Microarray analysis techniques	mid	Q6839217
WebGeSTer	low	Q7978448
European Molecular Biology Laboratory	low	Q695267
Hollywood (database)	low	Q5882564
Microbial phylogenetics	low	Q6839261
Sequenom	low	Q7452488
PANDIT (database)	low	Q7118161
PolymiRTS	low	Q7226574
Viral phylodynamics	low	Q7189431
Virtual Cell	low	Q7934936
Binning (metagenomics)	low	Q4914449
DBASS3/5	low	Q5204386
Krembil Research Institute	Mid	Q23808390
Foundational Model of Anatomy	Low	Q1406710
Syed I. Ahson	low	Q7660346
Hirschberg's algorithm	low	Q1620364
Approximate Bayesian computation	low	Q21045424
Catalogue of Life	low	Q38840
DSSP (algorithm)	low	Q5206192
Integrodifference equation	low	Q6043371
Database of Interacting Proteins	low	Q5227406
MacVector	mid	Q16335143
Tree rearrangement	low	Q7837630
Full-parasites	low	Q5507968
Christopher Burge	low	Q5112013
SnpEff	low	Q30593150
Biological network	high	Q4915005
DbSNP	Mid	Q5243761
WikiPathways	low	Q7999828
EBird	low	Q5322614
Protein–protein interaction prediction	high	Q7251528
Institute of Genomics and Integrative Biology	low	Q6040337
GenBank	high	Q901755
SnoRNA prediction software	low	Q7547868
Protein Segment Finder	unknown	Q588436
List of neuroscience databases	low	Q16335205
International Society for Computational Biology	high	Q4288281
Next-generation matrix	Low	Q17071746
FREP	low	Q5427056
Substitution matrix	high	Q493281
Richard Bonneau	low	Q7324255
Genomes OnLine Database	mid	Q5533492
DiProDB	low	Q5270001
Gene Designer	low	Q5531177
Early Detection Research Network	low	Q5322870
ChimerDB	low	Q5099338
Computational immunology	mid	Q5157321
GeneDx	low	Q5531048
IUPHAR Database	low	N/A
Gene nomenclature	mid	Q5531556
Ensembl genome database project	high	Q1344256
Open Regulatory Annotation Database	low	Q7096169
Proteome	High	Q860947
Substitution model	Mid	Q7632136
MatrixDB	low	Q6787838
Scoring functions for docking	mid	Q7435352
National Center for Genomic Analysis	low	Q21730709
Joan Bailey-Wilson	Low	Q42113803
Genome Compiler	Low	Q17127922
Variable-order Bayesian network	low	Q7915687
BioUML	low	Q4914668
Manolis Kellis	low	Q28050827
James D. Murray	low	Q1680238
Molecular models of DNA	mid	Q3823841
GENtle	low	Q5513179
Peak calling	low	Q7157848
NCBI Epigenomics	low	Q6953066
Mark B. Gerstein	low	Q6766711
N50, L50, and related statistics	low	Q8842998
U12 intron database	low	Q7863568
Synthetic Gene Database	low	Q7662757
Mathematical physiology	mid	Q6786865
RNA CoSSMos	low	Q7277166
Paradox of enrichment	low	Q7134450
Galaxy (computational biology)	high	Q5518091
Ian Horrocks	low	Q5981834
Debian-Med	NA	Q5248086
Short Oligonucleotide Analysis Package	Mid	Q7501864
X-PLOR	mid	Q8041495
List of omics topics in biology	low	Q6631649
List of RNA structure prediction software	low	Q6595358
European Bioinformatics Institute	Low	Q1341845
Spatial transcriptomics	Low	Q55633673
LncRNAdb	low	Q15126537
Superfamily database	mid	Q7395025
Orac (MD program)	low	Q7099212
Laurence Hurst	low	Q6500657
Blast2GO	low	Q16335220
Catfish genome database	unknown	Q5051990
Fiona Brinkman	Low	Q5451028
Protein Data Bank (file format)	mid	Q7251429
List of Y-DNA single-nucleotide polymorphisms	low	Q6604515
GLIMMER	high	Q5513624
FINDbase	low	Q5425826
Biological data visualization	mid	Q4914988
Rule-based modeling	Low	Q7378910
Asian Young Researchers Conference on Computational and Omics Biology	low	Q4806776
Tissue cytometry	low	Q114120552
High-frequency oscillations	Low	Q104048342
John Maynard Smith	mid	Q323207
Operon database	low	Q7097865
REPAIRtoire	low	Q7276370
Pavel A. Pevzner	low	Q4262009
CUT&RUN sequencing	Low	Q55606360
Mathematical modeling of electrophysiological activity in epilepsy	Mid	Q16335144
Bowtie (sequence analysis)	Mid	Q16335221
National Institute of Genetics	low	Q576466
Combined DNA Index System	Low	Q1265403
SeaLifeBase	low	Q7439813
AMBER	mid	Q2458963
Margaret Oakley Dayhoff	high	Q456920
National Center for Genome Resources	low	Q6971331
CYANA (software)	low	Q5014908
Eukaryotic Linear Motif resource	low	Q111445827
Luxembourg Centre for Systems Biomedicine	low	Q6706215
Hymenoptera Genome Database	low	Q5956600
Saraswathi Vishveshwara	low	Q18355238
Global Alliance for Genomics and Health	low	Q60750423
Institute of Mathematical Problems of Biology	Low	Q4201582
Analysis of molecular variance	Low	Q4751104
Broad Institute	Low	Q4971893
EM Data Bank	mid	Q5323651
Morris–Lecar model	low	Q6914151
Interferome	low	Q6046408
Gajendra Pal Singh Raghava	low	Q5517581
The Proteolysis Map	low	Q7758615
Robinson–Foulds metric	low	Q7353146
Minimum information about a simulation experiment	low	Q6865414
Minimum information about a microarray experiment	mid	Q11764909
Consensus CDS Project	low	Q5162836
Barcode of Life Data System	Low	Q16934719
ConsensusPathDB	Low	Q5162834
Network of Cancer Genes	low	Q25303661
Polbase	low	Q7209210
COPASI	low	Q5013424
Haar-like feature	low	Q2493819
MICdb	low	Q6715983
Dennis Bray	Low	Q5258220
CHARMM	mid	Q902642
Biocomplexity Institute of Virginia Tech	low	Q7934149
Vito Volterra	low	Q216812
MicroRNA and microRNA target database	low	Q6839130
SAMPL Challenge	Low	Q25304761
Crystallography Open Database	low	Q1142422
Burkhard Rost	mid	Q4998995
H-Invitational	low	Q5627839
MicroRNA and microRNA target database	low	Q6839130
UCPH Bioinformatics Centre	low	Q4914911
Roderic D. M. Page	low	Q7356570
Protein family	high	Q417841
Cross-species transmission	low	Q16000070
Eric Xing	low	Q18719253
Jukka-Pekka Onnela	low	Q33103783
Yass (software)	low	Q8049865
SpliceInfo	low	Q7578555
Michael Stumpf	low	Q6834678
Petri net	low	Q724168
Ludwig von Bertalanffy	Low	Q84345
ETBLAST	low	Q5324447
Gaussian network model	Mid	Q263400
BOSS (molecular mechanics)	Low	Q4836232
Peter Keightley	low	Q17386165
HH-suite	low	Q5629568
MicroRNA sequencing	Low	Q6839127
Computational Resource for Drug Discovery	low	Q5157292
IsoBase	low	Q6085214
Indian Genetic Disease Database	low	Q6020332
Molecular Evolutionary Genetics Analysis	low	Q6715328
Nanopore sequencing	low	Q8973627
Taekjip Ha	Low	Q7674759
DAVID	mid	Q5204342
Effective (database)	low	Q5347240
Fusarium graminearum genome database	low	Q5509887
GoPubMed	low	Q873659
Template modeling score	low	Q7698401
WormBase	mid	Q3570042
Chip description file	Low	Q65083931
Terry Speed	low	Q7705033
Power graph analysis	unknown	Q7236518
NeXtProt	low	Q6983890
Tandy Warnow	Mid	Q16479
NK model	low	Q6954615
Non-B database	low	Q7048726
DroID	low	Q5308150
Ancestral reconstruction	low	Q4752568
TIARA (database)	low	Q7670346
Outgroup (cladistics)	Mid	Q842917
Kinetic logic	low	Q6410791
Theoretical ecology	high	Q7782365
Kabsch algorithm	mid	Q6344361
Paradox of the plankton	low	Q1897662
Biochip	low	Q864256
Consensus sequence	high	Q1295754
Comparative genomics	top	Q1147112
Monod equation	Low	Q1944979
BYKdb	low	Q4836876
EzTaxon Database	low	Q16335158
D'Arcy Wentworth Thompson	mid	Q739438
Self-consistent mean field (biology)	Low	Q7448041
BALL	Low	Q773235
Synthetic life	NA	N/A
Microarray databases	mid	Q6839218
Topologically associating domain	Low	Q25325279
FlyFactorSurvey	low	Q5463084
Paleoproteomics	Low	Q106076817
Viktorya Aviyente	Low	Q43290368
DNA Data Bank of Japan	low	Q1053553
Pulse vaccination strategy	low	Q17076878
Snptstr (database)	low	Q7548769
NGSmethDB	low	Q6953981
Database of protein conformational diversity	low	Q5227409
RedToL	low	Q7303574
David States	low	Q5240039
Denis Noble	low	Q1187559
EMBnet	low	Q3045963
Gene set enrichment analysis	mid	Q18085840
Flux balance analysis	high	Q5463029
Lawrence Hunter	mid	Q6504172
OLIGO Primer Analysis Software	low	Q7072663
Alignment-free sequence analysis	mid	Q16335137
MANET database	low	Q6714304
Single cell epigenomics	Low	Q48996542
Luay Nakhleh	low	Q26704600
Phyloscan	low	Q7189447
Protein Circular Dichroism Data Bank	low	Q7251458
Riken integrated database of mammals	low	Q7276784
Integrated Microbial Genomes System	low	Q6042907
NetPath	Low	Q16335192
SPIKE (database)	low	Q7577177
Genomics England	low	Q18159990
Half sphere exposure	Low	Q5641820
Models of DNA evolution	mid	Q6888417
BLOSUM	high	Q796244
Computational genomics	mid	Q2091816
MethDB	low	Q6823538
AgBase	low	Q4690901
Data curation	mid	Q15088675
Biological network inference	low	Q4915004
Osnat Penn	low	Q21611576
TopHat (bioinformatics)	low	Q21850561
Single-cell sequencing	High	Q15917269
1000 Genomes Project	low	Q164786
GISSD	low	Q5513516
BioCatalogue	low	Q16335156
Gypsy (database)	low	Q5625324
Ron Appel	Low	Q16149521
SNV calling from NGS data	Low	Q17162803
Chris Sander (scientist)	mid	Q5107972
Jpred	Low	Q18386017
Genome architecture mapping	Low	Q55612445
MvirDB	low	Q65051825
Centre for Genomic Pathogen Surveillance	Low	Q105883590
UC Santa Cruz Genomics Institute	low	Q114243533
Biocurator	mid	Q4914736
Genome-based peptide fingerprint scanning	low	Q5533475
Variant Call Format	Mid	Q7915770
Orientations of Proteins in Membranes database	low	Q7102413
PRINTS	low	Q7120318
Randall Beer	Low	Q7291507
Expasy	Mid	Q905689
Stem cell genomics	Low	Q7607293
Protein structure database	low	Q7251500
Reactome	Low	Q2134522
EcoCyc	low	Q5333109
Terri Attwood	mid	Q10937
UCbase	low	Q7864201
McDonald–Kreitman test	mid	Q6800945
Eran Segal	low	Q5384865
Identifiers.org	low	Q16335163
Claus O. Wilke	low	Q30388859
Microarray	Top	Q1931516
Daniel Gillespie	Mid	Q5217283
Institute for Systems Biology	low	Q1829731
Australia Bioinformatics Resource	low	Q18378213
Martin Vingron	low	Q1905174
Gap penalty	high	Q5521761
Algebraic biology	Mid	N/A
Kim D. Pruitt	Low	Q64871812
Takashi Gojobori	Mid	Q532387
Ukkonen's algorithm	low	Q7878334
Amos Bairoch	low	Q4747830
Arthur Winfree	low	Q712063
Leiden Open Variation Database	low	Q16335164
MiRTarBase	low	Q6826951
Paul Emsley (crystallographer)	low	Q27983380
Christoph Bock	low	Q30243364
Celera Corporation	Low	Q643341
Pubget	low	Q7257268
Structure atlas of human genome	low	Q7625088
BindingDB	low	Q4914007
Bioinformatics Open Source Conference	mid	Q18205544
Community Cyberinfrastructure for Advanced Microbial Ecology Research and Analysis	low	Q73625
Philip Bourne	mid	Q7183255
EMAGE	mid	Q5323345
Raymond E. Goldstein	low	Q20202917
ATUM	low	Q19877908
Machine learning in bioinformatics	High	Q30314784
Rafael Irizarry (scientist)	mid	Q39073664
Computational modeling of ischemic stroke	low	Q60792277
RAPTOR (software)	mid	Q7275801
Animal Diversity Web	Mid	Q2850008
PRIAM enzyme-specific profiles	low	Q2709102
International Protein Index	low	Q6052600
Archaeopteryx (software)	low	Q4785526
Pamela Silver	low	Q7129257
Haplotype estimation	low	Q17145705
Human-based evolutionary computation	Low	Q5936745
MEROPS	high	Q25712
UTRdb	low	Q7876029
Phred (software)	low	Q6121978
NAPP (database)	low	Q6952338
PEAKS	Low	Q7118883
OBO Foundry	mid	Q7072326
Crossover (genetic algorithm)	low	Q628906
SNP array	high	Q7391885
Vertebrate Genome Annotation Project	low	Q7922759
ARKive	Mid	Q433276
Tree of Life Web Project	low	Q2300489
TcoF-DB	low	Q7690696
Online Mendelian Inheritance in Animals	low	Q16335167
Open Biomedical Ontologies	high	Q4117183
G protein-coupled receptors database	low	Q5515173
Robert F. Murphy (computational biologist)	low	Q7344204
Gary Stormo	low	Q1494954
Tim Hubbard	low	Q15990056
RNA22	low	Q7277129
Brendan Frey	low	Q18684996
PLINK (genetic tool-set)	low	Q18359288
European Health Examination Survey	low	Q21015691
List of fellows of the International Society for Computational Biology	low	Q25304914
Energy charge	low	Q356718
European Conference on Computational Biology	mid	Q5412432
Rob Knight (biologist)	low	Q20657126
HomoloGene	low	Q468215
ISCB Africa ASBCB Conference on Bioinformatics	low	Q5973788
Research in Computational Molecular Biology	mid	Q16335149
ProteoWizard	low	Q16335168
List of databases for oncogenomic research	low	Q5227418
Korean Bioinformation Center	low	Q6334784
The OpenMS Proteomics Pipeline	low	Q7755167
StarBase (biological database)	low	Q7600527
Earlham Institute	low	Q7736112
Positional sequencing	High	Q7233196
FloraBase	low	Q5460267
Alston Scott Householder	low	Q432800
Representative sequences	low	Q7314259
CUT&Tag sequencing	Low	Q85749977
Computational models in epilepsy	Low	Q107348976
Franco P. Preparata	Low	Q5484589
Domine Database	low	Q5290333
Clone manager	low	Q5134991
Winston Patrick Kuo	Low	Q8026116
List of sequenced bacterial genomes	mid	Q3243053
Helen M. Berman	Low	Q7441
Janet Thornton	Low	Q6153626
DECIPHER	low	Q5204775
Bruce Donald	low	Q4977383
MiRBase	mid	Q6826947
Sean Eddy	Mid	Q7440970
OriDB	low	Q7102194
Proteomics Standards Initiative	Mid	Q7251539
Formatdb	low	Q4286442
John B. Hogenesch	low	Q20090926
Demographic and Health Surveys	low	Q81886
Dry lab	high	Q5309594
Open Bioinformatics Foundation	mid	Q2851777
DNA microarray experiment	mid	Q5205757
Affymetrix GeneChip Operating Software	NA	Q4689043
Peptide-mass fingerprint	Mid	Q7166517
EB-eye	low	Q5322561
Boolean network	mid	Q585230
Orthologous MAtrix	low	Q7104801
RNA-binding protein database	low	Q7277127
List of members of the National Academy of Sciences (Biophysics and computational biology)	Low	Q6628166
MochiView	low	Q6887552
FASTQ format	mid	Q3063023
Trans-Proteomic Pipeline	low	Q16335172
Bob Waterston	low	Q1111128
Beacon designer	low	Q4876002
BioSamples	low	Q4914649
Structural Classification of Proteins database	high	Q4832556
BioModels	low	Q4914638
Michael Eisen	low	Q3308179
Hanes–Woolf plot	low	Q5647772
Gene Wiki	Mid	Q5531528
BioCreative	low	Q4914608
VectorDB	low	Q7917785
Islander (database)	low	Q6083637
TaveRNA	low	Q7689046
MODELLER	mid	Q3859815
RNA integrity number	low	Q7277176
HumHot	low	Q5936453
Biopython	high	Q4118434
Edward C. Holmes	low	Q28152069
Open Tree of Life	low	Q22661281
Single-cell transcriptomics	Mid	Q18409577
MUBII-TB-DB	low	Q65051805
PyClone	Low	Q65076124
Popgenie	low	Q16335211
National Center for Biomedical Ontology	mid	Q16335148
Sample and Data Relationship Format	Low	Q7389479
Read (biology)	High	Q7300356
ExoCarta	low	Q5420472
Phyre	low	Q7189477
Systems Biology Ontology	mid	Q2377160
Neighbor joining	high	Q1935806
Daphne Koller	Low	Q11755
Ravi Iyengar	low	Q7296627
George Karreman	low	Q16013870
100,000 Genomes Project	low	Q24993894
CASP	mid	Q899291
List of software for protein model error verification	low	Q16335207
InSatDb	low	Q6008819
GENCODE	low	Q5513168
UTOPIA (bioinformatics tools)	low	Q7876009
REBASE (database)	mid	Q7301611
Systems Biology Ireland	low	Q16335201
European Nucleotide Archive	Mid	Q5412874
HIstome	low	Q5629945
Data wrangling	low	Q5227374
National Centers for Biomedical Computing	low	Q6971393
Mascot (software)	high	Q1726452
Cooperative binding	mid	Q2902610
SAM (file format)	mid	Q25339818
Cell-based models	Low	Q48996071
Pan-genome	Mid	Q3037930
The Genomic HyperBrowser	low	Q7736115
ACE (genomic file format)	low	Q4650636
Richard M. Durbin	Low	Q4583003
Epitranscriptomic sequencing	Mid	Q30314230
Martin Gruebele	Low	Q6775576
Eurocarbdb	low	Q16335179
DbCRID	low	Q5243753
Metabolic flux analysis	low	Q6822342
Genetic codes (database)	low	Q5532884
Kira Makarova	Low	Q63964276
Standard flowgram format	low	Q7598235
Genetic distance	mid	Q748695
Univec	low	Q7893854
MESAdb	low	Q16335188
ProSAS	low	Q7246685
SNPedia	low	Q7391890
Conformational ensembles	Low	Q17148461
TargetScan	low	Q18387989
Sarah Teichmann	Low	Q19501099
Single-molecule magnetic sequencing	High	Q17157329
D. Lansing Taylor	Low	Q72013889
Population structure (genetics)	unknown	Q7229824
Ying Xu	low	Q8053694
Short linear motif	mid	Q7502055
BGMUT	low	Q4835553
List of awards in bioinformatics and computational biology	low	Q16999547
MIRIAM Registry	low	Q16335166
BeeBase	low	Q4879532
Eadie–Hofstee diagram	low	Q5324920
Chou–Fasman method	mid	Q5105485
Biomedical text mining	high	Q4915126
List of biological wikis	mid	Q6607575
National Center for Integrative Biomedical Informatics	low	Q6971342
Michael Ashburner	low	Q6828277
Stability of Boolean networks	NA	N/A
DeLano Award for Computational Biosciences	low	Q25303789
ANGIS	low	Q4652960
ZebraBox	Low	Q17145773
MINAS	low	Q6716139
TRANSFAC	low	Q2384780
Estonian Genome Project	mid	Q5401558
ProtCID	low	Q7251140
RNA modification database	low	Q7277178
Pseudogene (database)	low	Q7254809
Allele Frequency Net Database	low	Q4731435
Comprehensive Antibiotic Resistance Database	Low	Q65072686
Keith A. Crandall	low	Q42212481
Lineweaver–Burk plot	low	Q3434574
Biclustering	mid	Q2976575
Bioconductor	Mid	Q2888953
African Society for Bioinformatics and Computational Biology	mid	Q4689917
David Haussler	low	Q92714
MicrobesOnline	low	Q6839244
Yeast Promoter Atlas	low	Q8051007
ITools Resourceome	low	Q5975232
DNA binding site	mid	Q5205743
Conservative replacement	Low	Q25303749
Trajectory inference	low	Q60794577
Translatome	unknown	Q25099655
PomBase	Low	Q25304673
UniFrac	low	Q7884646
Cervical Cancer Gene Database	low	Q5065327
Computational biology	top	Q177005
Wen-Hsiung Li	low	Q1374953
Attack rate	mid	Q3955915
EVA (benchmark)	low	Q5324594
Stephen Muggleton	low	Q7610052
Centre for DNA Fingerprinting and Diagnostics	low	Q5062397
Edward H. Shortliffe	low	Q5343251
PDBREPORT	low	Q7118751
List of biodiversity databases	low	Q6607561
GeneCards	Mid	Q5531051
Biomax Informatics	low	Q4915087
Cable theory	Mid	Q1327423
T-REX (web server)	low	Q7667841
Laminin database	low	Q6482006
Pathway Commons	low	Q7144881
DIMA (database)	low	Q5205119
Automated species identification	low	Q4826479
EMBRACE	low	Q5323358
Uri Alon	low	Q7900508
PHOSIDA	low	Q7187420
Center for Applied Genomics	low	Q5059498
Junhyong Kim	low	Q11248184
Ciliate MDS/IES database	low	Q5119952
De novo sequence assemblers	Low	Q30314076
François Fages	low	Q27863085
Ruedi Aebersold	Low	Q7377799
Families of Structurally Similar Proteins database	low	Q5432998
ParaSurf	low	Q16335195
PSIPRED	high	Q18385802
Weighted correlation network analysis	low	Q17162627
Death Domain database	low	Q5247117
Molecular Modeling Database	low	Q15632054
Open protein structure annotation network	low	Q7096404
Ciona intestinalis protein database	low	Q5121207
FoldX	low	Q5464253
Olga Troyanskaya	Low	Q7086693
GlycomeDB	low	Q5572627
Nucleosome positioning region database	low	Q7068262
RegTransBase	low	Q7307721
LarvalBase	low	Q6491913
Convergent Functional Genomics	low	Q5166392
Ubuntu-Med	low	Q7876607
ViennaRNA Package	low	Q21933168
Autism Genetic Resource Exchange	low	Q4825998
De novo transcriptome assembly	mid	Q5244960
UniPROBE	low	Q7884651
Tandem Repeats Database	low	Q7682429
UCSC Genome Browser	high	Q7864116
Glyquest	low	Q16335180
Núria López Bigas	Mid	Q28737768
Pangenomics	NA	Q28456097
Pseudomonas Genome Database	low	Q7255045
ParameciumDB	low	Q7135169
DNA adenine methyltransferase identification	Low	Q5211821
IntEnz	low	Q2708947
Warren Lyford DeLano	low	Q1542596
Temple F. Smith	low	Q7698536
Swiss Institute of Bioinformatics	low	Q3152521
Phred quality score	mid	Q3788862
Tim Mitchison	low	Q7803987
Munich Information Center for Protein Sequences	mid	Q6936093
Worldwide Protein Data Bank	mid	Q8036801
Protein Analysis Subcellular Localization Prediction	low	N/A
HUGO Gene Nomenclature Committee	mid	Q1646383
Global Biodiversity Information Facility	low	Q1531570
AutoDock	mid	Q4826062
T-Coffee	mid	Q1968693
Transporter Classification Database	low	Q142667
3D-Jury	low	Q4636254
International Knockout Mouse Consortium	low	Q16335184
MetaCyc	low	Q692423
Cytoscape	high	Q3699942
Cyrus Chothia	low	Q5201079
CRAM (file format)	low	Q18261507
Barbara Engelhardt	Low	Q47502570
Unique molecular identifier	low	Q28402070
Kat Holt	Low	Q56865567
Phenoscape	Low	Q85793053
Eleazar Eskin	Mid	Q62673408
Nicolas Rashevsky	mid	Q927125
Virtual karyotype	low	Q7935126
Monod–Wyman–Changeux model	mid	Q6059102
Elasticity coefficient	mid	Q5353572
Direct coupling analysis	low	Q28130454
Colocalization Benchmark Source	Low	Q5147829
ACLAME	low	Q5128407
InterMine	low	Q6044951
LocDB	low	Q6663909
Combrex	low	Q5150967
Melbourne Bioinformatics	Low	Q7927236
FastContact	low	Q5436873
P2CS	low	N/A
OrthoDB	low	Q7104395
Joseph Henry Woodger	low	Q1707230
PhenomicDB	low	Q7181391
Wagner's gene network model	low	Q7959586
Avogadro (software)	low	Q851800
Algae DNA barcoding	low	Q65087236
Leroy Hood	low	Q1820381
Bernd Sturmfels	low	Q73000
CATH database	mid	Q5008897
Lipidomics	Low	Q6556376
Biological database	high	Q4117139
Robert Rosen (biologist)	low	Q3736628
Atul Butte	Mid	Q4818772
Dana Pe'er	Mid	Q16204043
Digital organism	Low	Q4346576
Human Proteinpedia	low	Q16335161
Jian Ma (computer scientist)	Low	Q62484740
RNA helicase database	low	Q7277174
Apache Taverna	low	Q7689070
Simbiosys	low	Q7517437
Simple Modular Architecture Research Tool	mid	Q12746855
PAUP*	low	Q7118292
All of Us (initiative)	Low	Q25004683
Bonnie Berger	low	Q18808526
DictyBase	low	Q5273990
Regulome	low	Q10358895
David Botstein	low	Q1173787
MiRGator	low	Q6826948
Protein-RNA interface database	low	Q7251411
MUSCLE (alignment software)	mid	Q6719088
Department of Defense Serum Repository	low	Q5260239
OpenMS	low	Q7095827
ModBase	low	Q6887948
BioMart	low	Q28444600
Inheritance (genetic algorithm)	low	Q6033780
Jonathan Wren (biologist)	low	Q6274840
Christine Orengo	low	Q21572185
MAFFT	mid	Q6714151
Overton Prize	low	Q7114033
FGED Society	low	Q5425461
PeroxiBase	low	Q7169492
Genome browser	high	Q5533486
Protein function prediction	high	Q7251473
Bernard Moret	Mid	Q4893448
Mike Steel (mathematician)	Mid	Q6848921
Cellular model	mid	Q16335140
CS-BLAST	low	Q5014011
Laxmi Parida	Mid	Q15725157
List of software to detect low complexity regions in proteins	low	Q65075112
Human Biomolecular Atlas Program	unknown	Q113288840
Whole exome sequencing	NA	N/A
Fluxomics	low	Q16335159
LabKey Server	low	Q6466632
Bioimage informatics	mid	Q4914902
Integrative bioinformatics	low	Q6043268
Ram Samudrala	mid	Q7288575
Robert Gentleman (statistician)	Mid	Q7344712
Zebrafish Information Network	mid	Q590928
Brian Goodwin	low	Q912244
List of sequenced eukaryotic genomes	mid	Q6638166
Arthur M. Lesk	low	Q4799605
CAFASP	low	Q5008584
2R hypothesis	low	Q4633212
Biochemical systems theory	mid	Q4914715
Max Planck Institute for Molecular Genetics	low	Q1721667
Virtual screening	high	Q4112105
Canto (gene curation tool)	low	Q65053913
Voltage-gated potassium channel database	low	Q7940728
MaMF	low	Q16335190
Virtual Physiological Human	mid	Q7935015
Genomic Standards Consortium	mid	Q5533496
Genomic organization	low	Q5533501
Neighbour-sensing model	Low	Q6988139
Heng Li	low	Q5714197
Stemloc	low	Q7607317
Perfect phylogeny	low	Q7168092
Staden Package	mid	Q7596256
Anduril (workflow engine)	low	Q4760313
AmoebaDB	low	Q4747456
Trey Ideker	Mid	Q16335202
IMPDH RNA motif	unknown	Q56292367
Reversible Michaelis–Menten kinetics	High	Q123253650
Wolfgang Huber (scientist)	Mid	Q37391155
STR analysis	low	Q7394826
Cyberneticist	low	Q5197818
Computomics	low	Q24897711
Hanah Margalit	Mid	Q47565454
RIKEN Quantitative Biology Center	Low	Q25112707
Minoru Kanehisa	low	Q39758239
Z curve	low	Q975935
Brain mapping	low	Q639842
Andrew Rambaut	low	Q28320577
Teresa Przytycka	Mid	Q37371892
Mark Lathrop	low	Q6768494
Reference genome	low	Q7307127
Covarion	low	Q5178907
PHYLIP	low	Q4046201
Metabolic control analysis	high	Q502671
MimoDB	low	Q6862276
LIGPLOT	low	Q6458666
Netherlands Bioinformatics for Proteomics Platform	low	Q6999145
Searching the conformational space for docking	mid	Q7441727
Chris Ponting	low	Q5107785
Gil McVean	low	Q5561586
Protein subcellular localization prediction	Low	Q7251501
GeneRIF	high	Q5531055
Lumi (software)	low	Q6703211
Walter Goad	low	Q7964970
BioRuby	mid	Q4914654
Human Proteome Folding Project	low	Q903591
Velvet assembler	low	Q7919423
FlowJo	low	Q5462055
Integrated Genome Browser	mid	Q6042860
List of phylogenetic tree visualization software	mid	Q6633396
Hypercyclic morphogenesis	low	Q5957919
TAPAs model checker	low	Q7669326
ARB Project	low	Q4653579
Jeffrey Skolnick	Low	Q17516035
ArachnoServer	low	Q4783563
TMPad	low	Q7670764
Ontology Definition MetaModel	low	Q7095048
Backbone-dependent rotamer library	unknown	Q106688889
Minimum Information Required About a Glycomics Experiment	low	Q40888167
ARDB	low	Q65051607
Tohoku Medical Megabank Project	Low	Q110588735
ISCB Fellow	low	Q23807736
Functional genomics	high	Q1068690
Evolutionary tree	NA	N/A
Phylogeny	NA	N/A
Mutation (genetic algorithm)	low	Q610425
PubGene	low	Q3410405
General feature format	low	Q5532344
Codon Adaptation Index	Low	Q5140324
Pairwise Algorithm	low	Q16335152
DisProt	low	Q5281152
National Institute for Mathematical and Biological Synthesis	low	Q6973585
UgMicroSatdb	low	Q7877559
Minimotif Miner	low	Q6865403
RefSeq	mid	Q7307074
PhyloXML	low	Q7189430
Carbohydrate sulfotransferase	unknown	Q24781214
Zhiping Weng	Mid	Q89205628
Cosegregation	low	Q111953939
CII protein	unknown	Q24770352
Warren Gish	low	Q7970224
Kenneth H. Wolfe	low	Q30106741
PathoPhenoDB	low	Q65047015
VFDB	low	Q65051505
Microbial DNA barcoding	low	Q65087238
Sequest	mid	Q7389808
PROSITE	high	Q899676
Metabolic network modelling	mid	Q6822349
HB plot	low	N/A
Ruth Nussinov	Mid	Q7383152
Serafim Batzoglou	Mid	Q25999511
PrecisionFDA	low	Q25325411
Motoo Kimura	High	Q471816
ConoServer	low	Q5162090
Oxford Nanopore Technologies	low	Q18358947
Desmond G. Higgins	low	Q20058405
PmiRKB	low	Q7205937
AMAP	low	Q4652523
BioSLAX	low	Q4914650
Sanger sequencing	Mid	Q181940
Uppaal Model Checker	low	Q7898420
Rfam	high	Q3577126
Multiscale Electrophysiology Format	low	Q6935064
3did	low	Q4636605
Lincoln Stein	low	Q6551037
ELIXIR	Mid	Q12269561
Benjamin Franklin Award (Bioinformatics)	low	Q4888612
General Data Format for Biomedical Signals	low	Q5531823
Distributed Annotation System/Clients	low	Q5283108
Threading (protein sequence)	high	Q7797175
Louis and Beatrice Laufer Center for Physical and Quantitative Biology	low	Q6688410
Paulien Hogeweg	low	Q281580
Group size measures	low	Q281601
Generalized tree alignment	low	Q5532518
De novo protein structure prediction	high	Q5244958
Glycomics	low	Q741206
Patricia Babbitt	Mid	Q50486645
Betaproteobacteria-1 RNA motif	unknown	Q56292154
Owen White	low	Q31930402
Susan K. Gregurick	Low	Q110630134
Jacob Glanville	Low	Q89344121
Stephen Altschul	low	Q92872
UK Biobank	low	Q7864819
Angus Silver	low	Q30106738
Fran Lewitter	Mid	Q18002784
Hilary Chapman	Low	Q108402819
Three Million African Genomes	low	Q109537764
Yves Moreau	Mid	Q55638172
Register of Antarctic Marine Species	mid	Q63615490
Vince Smith (cybertaxonomist)	Low	Q28913575
George Oster	low	Q1508017
PCRPi-DB	low	Q7118649
Tree alignment	mid	Q16335136
Center for Bioinformatics and Computational Biology	NA	N/A
Three-taxon analysis	low	Q2845261
Synteny	low	Q971246
Putative gene	Mid	Q15693750
PANTHER	Low	Q16335194
JAligner	low	Q6107755
RepTar (database)	low	Q7313885
Multiple EM for Motif Elicitation	high	Q6934888
BLAT (bioinformatics)	low	Q4835846
Netherlands Proteomics Centre	low	Q2844811
Antoine Danchin	low	Q2853841
David Baker (biochemist)	low	Q3814528
Transterm	low	Q7835376
Evolver (software)	low	Q5418748
Contact order	low	Q5164839
FASTA	high	Q1111641
Interolog	low	Q16335186
Jonathan Eisen	low	Q2000017
PDBbind database	low	Q7118754
ThYme (database)	low	Q7708694
List of Intelligent Systems for Molecular Biology keynote speakers	low	Q16335204
DNA annotation	Low	Q5205742
Douglas Kell	low	Q5301676
MEGARes	Low	Q65049443
China National GeneBank	unknown	Q26980855
FARME	low	Q65051242
Marie-France Sagot	Mid	Q28870460
Lior Pachter	Mid	Q21823349
Thomas Lengauer	mid	Q1243222
Judith Blake (scientist)	Mid	Q37649265
Alana Alexander	low	Q54498604
David S. Wishart	Low	Q27887604
Database of Molecular Motions	low	Q5227408
Sequence Read Archive	high	Q7452459
GenMAPP	low	Q5530843
VISTA (comparative genomics)	low	Q7907079
PolyQ (database)	low	Q7226107
Your Favorite Gene	low	Q8058797
Anna Tramontano	Low	Q23823628
BioPerl	high	Q912162
CCP4 (file format)	Low	Q5009675
Lattice protein	Low	Q6497130
Bioclipse	low	Q1769726
BioGRID	low	Q4914619
UPGMA	low	Q1779497
Phylogenetic bracketing	low	Q7189433
Systems Biology Graphical Notation	mid	Q4048697
MIPModDB	low	Q16335189
CheShift	low	Q5088744
Randy Read	low	Q18011401
Michael Sternberg	low	Q15994768
Align-m	low	Q4726572
BioCyc database collection	low	Q12239143
Phospho.ELM	low	Q16335198
Sequence logo	mid	Q7452470
MyExperiment	low	Q6944812
Patome	low	Q7145175
Duncan Odom	low	Q29654050
Ebbe Nielsen Prize	low	Q59618028
Christina Kendziorski	Low	Q42808785
PHI-base	low	Q7119232
Ontology for Biomedical Investigations	low	Q7095051
SMART (database)	low	N/A
EButterfly	low	Q56318583
FASTA format	High	Q1593782
Bioinformatic Harvester	low	Q864402
Generic Model Organism Database	high	Q5532654
RasMol	mid	Q2131801
Dendroscope	low	Q258058
Eugene Myers	low	Q92757
UGENE	low	Q4052122
Dryad (repository)	low	Q5309616
Recode (database)	low	Q7302596
MyGrid	low	Q6944824
Soren Brunak	low	N/A
TIGR plant repeat database	low	Q7670384
Locus Reference Genomic	low	Q16335165
List of alignment visualization software	mid	Q6605559
Truncation selection	low	Q7847936
Chromosome (genetic algorithm)	low	Q1502477
Ludmil Alexandrov	low	Q41049003
Sandrine Dudoit	Low	Q64148504
Batch effect	low	Q85745708
BEAST 2	low	Q112030069
IMGT	unknown	Q112201140
RDock	Low	Q65072825
DNA barcoding in diet assessment	low	Q65061380
International Conference on Applications and Theory of Petri Nets and Concurrency	low	Q28403963
Fungal DNA barcoding	low	Q96378841
Janet Kelso	low	Q26896948
Jay Shendure	Low	Q15989781
ESyPred3D	low	Q5324427
Metabolome	High	Q903667
EggNOG (database)	low	Q5347799
CharProtDB	low	Q5073592
List of systems biology conferences	low	Q16335206
HLA Informatics Group	low	Q5630203
Michal Linial	low	Q23823595
Protein pKa calculations	low	Q7251491
Indel	Low	Q1576681
Sequence database	Mid	Q175902
Nextbio	low	Q7021230
BioPAX	mid	Q4914639
GeneDB	low	Q5531047
Database for bacterial group II introns	low	Q5227403
Center for Molecular and Biomolecular Informatics	low	Q5059782
Summation theorems (biochemistry)	mid	Q123692440
Genome Taxonomy Database	Low	Q104830506
Terry Gaasterland	Mid	Q47569993
Søren Brunak	low	Q7666528
Bovine genome database	low	Q4950558
Stephen Oliver (scientist)	low	Q7610144
Phospho3D	low	Q7187484
Sulston score	low	Q7636571
RetrOryza	low	Q7316891
Bio2RDF	low	Q4914599
CancerResource	low	Q5031387
Multi-state modeling of biomolecules	mid	Q18145442
Instability index	low	Q6038627
Biomolecular Object Network Databank	low	Q4915148
CLIP-Seq	mid	N/A
Jerzy Jurka	Low	Q6185406
The Arabidopsis Information Resource	low	Q3519804
TreeFam	low	Q16335173
Carl Bergstrom	low	Q5039895
Hilary Finucane	unknown	Q98414723
International Mouse Phenotyping Consortium	low	Q16335185
ISCB Innovator Award	low	Q30314157
LSID	low	Q6459954
Accession number (bioinformatics)	low	Q3346344
FlyBase	mid	Q3074571
Mihajlo D. Mesarovic	Mid	Q2191455
Computational phylogenetics	high	Q3772859
Peter Schuster	low	Q84809
Altenberg Workshops in Theoretical Biology	low	Q4736240
Anders Krogh	mid	Q4753847
Peer Bork	low	Q7160367
Genetic fuzzy systems	low	Q5532900
Patricia Grambsch	unknown	Q96479303
MiRNEST	low	Q6826949
TIGR plant transcript assembly database	low	Q7670385
GENSCAN	mid	Q5513176
Global distance test	low	Q5570829
IGRhCellID	low	Q5971041
Transient receptor potential channel-interacting protein database	low	Q7834291
SOSUI	low	Q2207459
HYPHY (software)	low	Q5636278
Inparanoid	low	Q16335183
TassDB	low	Q7687614
Mark Borodovsky	mid	Q6766787
David Sankoff	low	Q14647663
Alfonso Valencia	mid	Q16335154
KiSAO	low	Q17062520
MA plot	low	Q6714643
Lattice model (biophysics)	Low	Q25214306
BioMOBY	mid	Q4914630
Ion semiconductor sequencing	low	Q6063435
Human Protein Atlas	low	Q5937310
List of disorder prediction software	low	Q6616921
List of gene prediction software	Mid	Q6621572
NucleaRDB	low	Q16335193
TRNADB	low	Q7671425
RA plot	low	Q7275902
FreeSurfer	mid	Q2363545
Conformational dynamics data bank	low	Q5160264
COMBINE	mid	Q16950320
Curtis Huttenhower	low	Q19397499
OpenAPS	low	Q39056082
SBML	high	Q452197
Michael Waterman	low	Q1694475
RECOrd (Local Biological Records Centre)	low	Q7276294
Xenbase	low	Q8043462
Mapper(2)	low	Q6754154
Protein fragment library	Mid	Q7251472
Bioinformatics discovery of non-coding RNAs	unknown	Q56275623
Illumina dye sequencing	Mid	Q13564012
Protein contact map	mid	Q7251460
STRING	low	Q2208067
Sequence analysis	top	Q1154615
Genome size	mid	Q3180866
UniProt	high	Q905695
LiveBench	low	Q6654550
Pfam	high	Q906796
Empire (program)	low	Q16335178
Dot plot (bioinformatics)	mid	Q669251
SplitsTree	low	Q258956
International Nucleotide Sequence Database Collaboration	mid	Q1667403
GenoCAD	low	Q5533402
AntWeb	low	Q2507304
Adaptive sampling	low	Q4680762
WeNMR	Low	Q7977209
Centre for Plant Integrative Biology	low	Q5062531
Arlequin (software)	low	Q4792191
CodonCode Aligner	low	Q5140318
DBTSS	low	Q5204422
Russ Altman	mid	Q7381092
PhylomeDB	low	Q7189443
Stem cell lineage database	low	Q7607298
Brix (database)	low	Q4971706
ABCD Schema	low	Q4650087
Jalview	low	Q6127008
Xiaole Shirley Liu	Mid	Q22099294
Little b (programming language)	Low	Q6652643
Biocuration	High	Q54987878
Hydrophobic-polar protein folding model	Low	Q5955260
BED (file format)	Low	Q16530692
ADMIXTOOLS	low	Q112064761
Metascape	Low	Q25304760
International Conference on Bioinformatics	low	Q6049593
Narayanaswamy Srinivasan	low	Q27734941
ChIP-on-chip	low	Q7815764
Philippine Genome Center	low	Q55629856
Protein Information Resource	low	Q1256927
Halbert L. Dunn	low	Q5641145
Loop modeling	mid	Q6675846
Horizontal correlation	low	Q5903553
Genostar	low	Q5533515
Rita Casadio	Mid	Q28946169
Tabix	Low	Q105424896
TIGRFAMs	low	Q7670383
ProGlycProt	low	Q7246661
DOCK	low	Q5205842
BIOSCI	low	Q4835706
Integrated Biosphere Simulator	Low	Q6042800
AceDB	low	Q4672938
SAMtools	low	Q7388648
Ziv Bar-Joseph	low	Q16335175
List of protein tandem repeat annotation software	Mid	Q65119874
Fish DNA barcoding	low	Q65087263
Basel Computational Biology Conference	low	Q20312739
Phylogenetic inference using transcriptomic data	Low	Q30314078
NUPACK	low	Q6955624
TREC Genomics	low	Q7671307
Xrate	low	Q8045004
Darwin Core	low	Q5225953
List of sequenced archaeal genomes	low	Q3243016
PDBWiki	low	Q7118752
Stockholm format	low	Q7618055
BRENDA tissue ontology	low	Q4836352
UCSF Chimera	low	Q7864121
Autophagy database	low	Q4826902
DIALIGN-T	low	Q5205081
Fast statistical alignment	low	Q5437052
Proteomics Identifications Database	high	Q7251538
List of bioinformatics institutions	mid	Q6607572
Global Species Database	low	Q5570651
SED-ML	mid	Q17147011
VIRsiRNAdb	low	Q7907064
NONCODE	low	Q6954912
ScerTF	low	Q7430860
Phylogenetic Assignment of Named Global Outbreak Lineages	low	Q105185169
Solid phase sequencing	Mid	Q56291605
LacED	low	Q65051484
Dan Gusfield	low	Q23823587
David Goodsell	Low	Q19878497
National Institute of Biomedical Genomics	Mid	Q19787197
Protein tandem repeats	mid	Q60790572
Contigs	unknown	N/A
PSORT	mid	Q2044701
GOR method	mid	Q5514100
Bioinformatics workflow management systems	mid	N/A
Masaru Tomita	low	Q4346847
Critical Assessment of Function Annotation	low	Q5186598
YeTFaSCo	low	Q8050733
SitEx	low	Q7531535
Pileup format	low	Q7193896
Cole Trapnell	Mid	Q56398006
Hybrid genome assembly	mid	Q5953213
International Society for Biocuration	Low	Q23809291
Marie Davidian	Low	Q42138537
PyMOL	low	Q1373457
EMBOSS	mid	Q690201
BRENDA	mid	Q569357
Polytomy	low	Q7227113
ZooBank	low	Q8074026
List of systems biology visualization software	low	Q6642110
Polymorphic simple sequence repeats database	low	Q7226601
REDfly	low	Q7276312
Phrap	mid	Q4027040
WHAT IF software	low	Q7950057
John Quackenbush	low	Q6253638
L1Base	low	Q6456837
ASD (database)	low	Q4654160
Strbase	low	Q7622627
Marco Ramoni	low	Q6757692
GFP-cDNA	low	Q1437345
ArrayTrack	low	Q4795870
Toroid repeat proteins	Low	Q98079143
Tip dating	Low	Q65045088
Ben Langmead	low	Q29033543
Evolution@Home	low	Q3735704
Sequence clustering	mid	Q7452462
Perturbation (biology)	low	N/A
Digital phenotyping	low	Q39045611
Sequence Ontology	mid	Q81661803
Canadian Bioinformatics Workshops	low	Q5029772
Patrocladogram	low	Q16335196
Science for Life Laboratory	low	Q7433682
Carlos Martínez Alonso	low	Q5042349
Nucleic acid structure prediction	Mid	Q7068225
Phylogenetic profiling	low	Q7189438
Alex Bateman	low	Q18921408
Michael Gribskov	mid	Q6830797
Compendium of protein lysine acetylation	low	Q5156249
Maximum clade credibility tree	low	Q6795881
Yeastract	low	Q8051009
WAVe	low	Q7946849
Simulated growth of plants	low	Q7521297
Biosimulation	mid	Q864707
PATRIC	low	Q7118282
MUMmer	low	Q6719063
Transpogene	low	Q7834833
Split (phylogenetics)	low	Q7578617
Fossilworks	low	Q796451
BacMet	low	Q37661882
Toxin-antitoxin database	low	Q7830435
Eugene Koonin	low	Q3699974
Wilfrid Rall	Mid	Q588766
Sequerome	low	Q7452522
Conserved sequence	high	Q4995178
Edward Marcotte	Low	Q5344337
Phylogenetic comparative methods	mid	Q7189434
BioJava	high	Q1036510
MEGAN	high	Q6715329
WPGMA	low	Q28058996
Steven Salzberg	low	Q7248791
Clustal	Mid	Q866737
GDB Human Genome Database	Low	Q5513070
Partner Institute for Computational Biology	low	Q7140697
Vienna Series in Theoretical Biology	low	Q7928343
Julian Gough (scientist)	low	Q19718519
Chemical library	low	Q2963679
Proteins@home	Low	Q3407960
GENESIS (software)	low	Q5513172
Gonçalo Abecasis	Low	Q16001382
Atlas of Living Australia	low	Q16335177
Mei-Ling Ting Lee	Low	Q42116320
Critical Assessment of Prediction of Interactions	Mid	Q3813686
SCHEMA (bioinformatics)	low	Q7389134
Julio Collado-Vides	low	Q6069284
Consed	low	Q5162789
GEN2PHEN	low	Q5513167
SuperSweet	low	Q7642065
Minimum information standard	mid	Q6865416
William Pearson (scientist)	Mid	Q50558187
Itsik Pe'er	Low	Q110720754
Nussinov algorithm	Low	Q2005549
Olivier Gascuel	low	Q44564347
Jim Kent	low	Q6196102
Knowledge engineering	low	Q1540472
Kim-Anh Do	low	Q42323062
Christophe Dessimoz	Mid	Q30114112
Nurcan Tunçbağ	Low	Q41044794
Intercollegiate Biomathematics Alliance	Low	Q86753370
South African National Bioinformatics Institute	low	Q7565742
Binary Alignment Map	mid	Q28455527
Eileen Furlong	Low	Q47350782
Isomorphic Labs	low	Q109536010
CLIPZ	low	Q5012763
UniGene	low	Q7884647
PlasmoDB	low	Q7201815
UTRome	low	Q7876030
Glycoinformatics	low	Q5572616
Alzheimer's Disease Neuroimaging Initiative	low	Q4738819
AlleleID	low	Q16335176
ProbCons	Low	Q7246839
SCRIPDB	low	Q7389280
Human Proteome Organization	low	Q5937326
Treefinder	low	Q7837661
Ervin Bauer	low	Q791472
Genome survey sequence	low	Q5533493
Biological theory	NA	N/A
Jill P. Mesirov	low	Q19664665
INSACOG	High	Q107056742
David J. Lipman	low	Q5235454
Fiocruz Genome Comparison Project	low	Q5451007
InterPro	high	Q3047275
Cristen Willer	unknown	Q37389746
Biobank	high	Q864217
Bellerophon program	low	Q4883812
Hypothetical protein	low	Q10855009
Homology modeling	high	Q5767913
Tournament selection	low	Q7829327
Biositemap	low	Q4915285
GenePattern	low	Q5531054
Center for Computational Biology	low	Q5059558
CIT Program Tumor Identity Cards	low	Q5011935
Darwin Core Archive	low	Q5225954
CaSNP	low	Q5015157
VectorBase	mid	Q7917782
Nir Friedman	low	Q7039821
Mathieu Blanchette (computational biologist)	low	Q16335210
Anne E. Carpenter	Low	Q50597627
Mikhail Gelfand	Mid	Q4135107
CellML	high	Q5058133
SPAdes (software)	low	Q16335200
PSI Protein Classifier	low	Q4046256
DNA sequencing theory	high	Q5205771
Interactomics	mid	Q1063716
Ensembl Genomes	mid	Q5379936
Deanna M. Church	low	Q18685663
HMMER	high	Q5631078
ResFinder	low	Q65051561
Low complexity regions in proteins	Mid	Q65075093
BioPHP	low	Q4914642
Contig	High	Q1128751
Phylogenetic footprinting	mid	Q7189437
Gene family	high	Q2278983
Metallome	low	Q17282409
AREsite	low	Q4653659
Saccharomyces Genome Database	high	Q3460832
Steven E. Brenner	low	Q7614656
PSORTdb	mid	Q7120740
Newbler	low	Q7016954
Peroxiredoxin classification index	low	Q7169498
KaPPA-View4	low	Q6343131
Quartet distance	low	Q7269347
Software for protein structure visualization	low	Q7554303
COSMIC cancer database	low	Q5013513
Iran Bioinformatics Center	low	Q6066740
DIALIGN-TX	low	Q5205082
Nexus file	low	Q1983918
Ming Li	Mid	Q19561574
Ruth Dayhoff	low	Q16151686
List of sequenced animal genomes	Mid	Q6638159
Friuli innovazione	Low	Q5505065
Hiroaki Kitano	Mid	Q3915986
